id,store_id,num,name,month,week,day,nine,ten,eleven,twelve,thirteen,fourteen,fifteen,sixteen,seventeen,eighteen,nineteen,twenty,twenty_one,twenty_two,twenty_three,twenty_four,created_at,updated_at
1,1,1,TURNO 1 DE 45 HORAS,10,1,1,f,f,f,t,t,t,t,t,t,f,f,f,f,f,f,f,2018-11-19 14:08:26.982972,2018-11-19 14:08:26.982972
2,1,1,TURNO 1 DE 45 HORAS,10,1,2,f,f,t,t,t,t,t,t,t,t,t,t,f,f,f,f,2018-11-19 14:08:27.015525,2018-11-19 14:08:27.015525
3,1,1,TURNO 1 DE 45 HORAS,10,1,3,f,f,f,t,t,t,t,t,t,t,t,t,f,f,f,f,2018-11-19 14:08:27.041626,2018-11-19 14:08:27.041626
4,1,1,TURNO 1 DE 45 HORAS,10,1,4,f,f,t,t,t,t,t,t,t,t,t,t,f,f,f,f,2018-11-19 14:08:27.06334,2018-11-19 14:08:27.06334
5,1,1,TURNO 1 DE 45 HORAS,10,1,5,f,f,t,t,t,t,t,t,t,t,t,t,f,f,f,f,2018-11-19 14:08:27.078489,2018-11-19 14:08:27.078489
6,1,1,TURNO 1 DE 45 HORAS,10,1,6,f,f,f,f,f,f,f,f,f,f,f,f,f,f,f,f,2018-11-19 14:08:27.108459,2018-11-19 14:08:27.108459
7,1,1,TURNO 1 DE 45 HORAS,10,1,7,f,f,f,f,f,f,f,f,f,f,f,f,f,f,f,f,2018-11-19 14:08:27.138224,2018-11-19 14:08:27.138224
8,1,1,TURNO 1 DE 45 HORAS,10,2,1,f,f,f,f,t,t,t,t,t,t,t,f,f,f,f,f,2018-11-19 14:08:27.174211,2018-11-19 14:08:27.174211
9,1,1,TURNO 1 DE 45 HORAS,10,2,2,f,f,f,f,t,t,t,t,t,t,t,f,f,f,f,f,2018-11-19 14:08:27.197714,2018-11-19 14:08:27.197714
10,1,1,TURNO 1 DE 45 HORAS,10,2,3,f,f,f,f,f,f,f,f,f,f,f,f,f,f,f,f,2018-11-19 14:08:27.230901,2018-11-19 14:08:27.230901
11,1,1,TURNO 1 DE 45 HORAS,10,2,4,f,f,f,f,t,t,t,t,t,t,t,f,f,f,f,f,2018-11-19 14:08:27.257627,2018-11-19 14:08:27.257627
12,1,1,TURNO 1 DE 45 HORAS,10,2,5,f,f,f,t,t,t,t,t,t,t,t,f,f,f,f,f,2018-11-19 14:08:27.283591,2018-11-19 14:08:27.283591
13,1,1,TURNO 1 DE 45 HORAS,10,2,6,f,f,f,t,t,t,t,t,t,t,t,f,f,f,f,f,2018-11-19 14:08:27.34111,2018-11-19 14:08:27.34111
14,1,1,TURNO 1 DE 45 HORAS,10,2,7,f,f,f,t,t,t,t,t,t,t,t,f,f,f,f,f,2018-11-19 14:08:27.366101,2018-11-19 14:08:27.366101
15,1,1,TURNO 1 DE 45 HORAS,10,3,1,f,f,t,t,t,t,t,t,t,t,t,t,f,f,f,f,2018-11-19 14:08:27.410155,2018-11-19 14:08:27.410155
16,1,1,TURNO 1 DE 45 HORAS,10,3,2,f,f,f,f,f,f,f,f,f,f,f,f,f,f,f,f,2018-11-19 14:08:27.449942,2018-11-19 14:08:27.449942
17,1,1,TURNO 1 DE 45 HORAS,10,3,3,f,f,t,t,t,t,t,t,t,t,t,t,f,f,f,f,2018-11-19 14:08:27.465963,2018-11-19 14:08:27.465963
18,1,1,TURNO 1 DE 45 HORAS,10,3,4,f,f,t,t,t,t,t,t,t,t,t,f,f,f,f,f,2018-11-19 14:08:27.499396,2018-11-19 14:08:27.499396
19,1,1,TURNO 1 DE 45 HORAS,10,3,5,f,f,t,t,t,t,t,t,t,t,t,f,f,f,f,f,2018-11-19 14:08:27.550006,2018-11-19 14:08:27.550006
20,1,1,TURNO 1 DE 45 HORAS,10,3,6,f,f,t,t,t,t,t,t,t,t,t,f,f,f,f,f,2018-11-19 14:08:27.581175,2018-11-19 14:08:27.581175
21,1,1,TURNO 1 DE 45 HORAS,10,3,7,f,f,f,f,f,f,f,f,f,f,f,f,f,f,f,f,2018-11-19 14:08:27.598911,2018-11-19 14:08:27.598911
22,1,1,TURNO 1 DE 45 HORAS,10,4,1,f,f,f,f,f,f,f,f,f,f,f,f,f,f,f,f,2018-11-19 14:08:27.616158,2018-11-19 14:08:27.616158
23,1,1,TURNO 1 DE 45 HORAS,10,4,2,f,f,f,f,f,f,f,f,f,f,f,f,f,f,f,f,2018-11-19 14:08:27.628854,2018-11-19 14:08:27.628854
24,1,1,TURNO 1 DE 45 HORAS,10,4,3,f,f,t,t,t,t,t,t,t,t,t,t,f,f,f,f,2018-11-19 14:08:27.651908,2018-11-19 14:08:27.651908
25,1,1,TURNO 1 DE 45 HORAS,10,4,4,f,f,f,f,f,f,f,f,f,f,f,f,f,f,f,f,2018-11-19 14:08:27.676918,2018-11-19 14:08:27.676918
26,1,1,TURNO 1 DE 45 HORAS,10,4,5,f,f,f,f,t,t,t,t,t,t,t,t,f,f,f,f,2018-11-19 14:08:27.728725,2018-11-19 14:08:27.728725
27,1,1,TURNO 1 DE 45 HORAS,10,4,6,f,f,f,t,t,t,t,t,t,t,t,t,f,f,f,f,2018-11-19 14:08:27.750936,2018-11-19 14:08:27.750936
28,1,1,TURNO 1 DE 45 HORAS,10,4,7,f,f,f,f,t,t,t,t,t,t,t,t,f,f,f,f,2018-11-19 14:08:27.797156,2018-11-19 14:08:27.797156
29,1,2,TURNO 2 DE 45 HORAS,10,1,1,f,f,f,f,f,f,f,f,f,f,f,f,f,f,f,f,2018-11-19 14:08:27.83262,2018-11-19 14:08:27.83262
30,1,2,TURNO 2 DE 45 HORAS,10,1,2,f,f,f,f,t,t,t,t,t,t,t,f,f,f,f,f,2018-11-19 14:08:27.864066,2018-11-19 14:08:27.864066
31,1,2,TURNO 2 DE 45 HORAS,10,1,3,f,f,t,t,t,t,t,t,t,t,t,t,f,f,f,f,2018-11-19 14:08:27.915323,2018-11-19 14:08:27.915323
32,1,2,TURNO 2 DE 45 HORAS,10,1,4,f,f,f,f,t,t,t,t,t,t,t,t,f,f,f,f,2018-11-19 14:08:27.949838,2018-11-19 14:08:27.949838
33,1,2,TURNO 2 DE 45 HORAS,10,1,5,f,f,f,t,t,t,t,t,t,f,f,t,f,f,f,f,2018-11-19 14:08:27.982095,2018-11-19 14:08:27.982095
34,1,2,TURNO 2 DE 45 HORAS,10,1,6,f,f,f,t,t,t,t,t,t,t,t,f,f,f,f,f,2018-11-19 14:08:28.017629,2018-11-19 14:08:28.017629
35,1,2,TURNO 2 DE 45 HORAS,10,1,7,f,f,t,t,t,t,t,t,t,t,t,f,f,f,f,f,2018-11-19 14:08:28.061133,2018-11-19 14:08:28.061133
36,1,2,TURNO 2 DE 45 HORAS,10,2,1,f,f,f,t,t,t,t,t,t,f,f,f,f,f,f,f,2018-11-19 14:08:28.082171,2018-11-19 14:08:28.082171
37,1,2,TURNO 2 DE 45 HORAS,10,2,2,f,f,t,t,t,t,t,t,t,t,t,t,f,f,f,f,2018-11-19 14:08:28.120327,2018-11-19 14:08:28.120327
38,1,2,TURNO 2 DE 45 HORAS,10,2,3,f,f,f,f,f,f,f,f,f,f,f,f,f,f,f,f,2018-11-19 14:08:28.165264,2018-11-19 14:08:28.165264
39,1,2,TURNO 2 DE 45 HORAS,10,2,4,f,f,t,t,t,t,t,t,t,t,t,t,f,f,f,f,2018-11-19 14:08:28.181144,2018-11-19 14:08:28.181144
40,1,2,TURNO 2 DE 45 HORAS,10,2,5,f,f,t,f,t,t,t,t,t,t,t,t,f,f,f,f,2018-11-19 14:08:28.212504,2018-11-19 14:08:28.212504
41,1,2,TURNO 2 DE 45 HORAS,10,2,6,f,f,t,f,t,t,t,t,t,t,t,t,f,f,f,f,2018-11-19 14:08:28.265955,2018-11-19 14:08:28.265955
42,1,2,TURNO 2 DE 45 HORAS,10,2,7,f,f,f,f,f,f,f,f,f,f,f,f,f,f,f,f,2018-11-19 14:08:28.280799,2018-11-19 14:08:28.280799
43,1,2,TURNO 2 DE 45 HORAS,10,3,1,f,f,t,t,t,t,t,t,t,t,t,t,f,f,f,f,2018-11-19 14:08:28.298792,2018-11-19 14:08:28.298792
44,1,2,TURNO 2 DE 45 HORAS,10,3,2,f,f,t,t,t,t,t,t,t,t,t,t,f,f,f,f,2018-11-19 14:08:28.334619,2018-11-19 14:08:28.334619
45,1,2,TURNO 2 DE 45 HORAS,10,3,3,f,f,t,t,t,t,t,t,t,t,t,t,f,f,f,f,2018-11-19 14:08:28.365938,2018-11-19 14:08:28.365938
46,1,2,TURNO 2 DE 45 HORAS,10,3,4,f,f,f,f,f,f,f,f,f,f,f,f,f,f,f,f,2018-11-19 14:08:28.39328,2018-11-19 14:08:28.39328
47,1,2,TURNO 2 DE 45 HORAS,10,3,5,f,f,f,f,f,f,f,f,f,f,f,f,f,f,f,f,2018-11-19 14:08:28.428314,2018-11-19 14:08:28.428314
48,1,2,TURNO 2 DE 45 HORAS,10,3,6,f,f,f,f,t,t,t,t,t,t,t,t,f,f,f,f,2018-11-19 14:08:28.448089,2018-11-19 14:08:28.448089
49,1,2,TURNO 2 DE 45 HORAS,10,3,7,f,f,f,f,t,t,t,t,t,t,t,t,f,f,f,f,2018-11-19 14:08:28.466523,2018-11-19 14:08:28.466523
50,1,2,TURNO 2 DE 45 HORAS,10,4,1,f,f,t,t,t,t,t,t,t,t,t,t,f,f,f,f,2018-11-19 14:08:28.49922,2018-11-19 14:08:28.49922
51,1,2,TURNO 2 DE 45 HORAS,10,4,2,f,f,f,f,f,f,f,f,f,f,f,f,f,f,f,f,2018-11-19 14:08:28.528124,2018-11-19 14:08:28.528124
52,1,2,TURNO 2 DE 45 HORAS,10,4,3,f,f,t,t,t,t,t,t,t,t,t,t,f,f,f,f,2018-11-19 14:08:28.545312,2018-11-19 14:08:28.545312
53,1,2,TURNO 2 DE 45 HORAS,10,4,4,f,f,t,t,t,t,t,t,t,t,t,f,f,f,f,f,2018-11-19 14:08:28.565213,2018-11-19 14:08:28.565213
54,1,2,TURNO 2 DE 45 HORAS,10,4,5,f,f,t,t,t,t,t,t,t,t,t,f,f,f,f,f,2018-11-19 14:08:28.598449,2018-11-19 14:08:28.598449
55,1,2,TURNO 2 DE 45 HORAS,10,4,6,f,f,t,t,t,t,t,t,t,t,t,f,f,f,f,f,2018-11-19 14:08:28.626717,2018-11-19 14:08:28.626717
56,1,2,TURNO 2 DE 45 HORAS,10,4,7,f,f,f,f,f,f,f,f,f,f,f,f,f,f,f,f,2018-11-19 14:08:28.648844,2018-11-19 14:08:28.648844
57,1,3,TURNO 3 DE 45 HORAS,10,1,1,f,f,t,t,t,t,t,t,t,t,t,f,f,f,f,f,2018-11-19 14:08:28.681431,2018-11-19 14:08:28.681431
58,1,3,TURNO 3 DE 45 HORAS,10,1,2,f,f,f,f,f,f,f,f,f,f,f,f,f,f,f,f,2018-11-19 14:08:28.708573,2018-11-19 14:08:28.708573
59,1,3,TURNO 3 DE 45 HORAS,10,1,3,f,f,t,t,t,t,t,t,t,t,t,t,f,f,f,f,2018-11-19 14:08:28.733611,2018-11-19 14:08:28.733611
60,1,3,TURNO 3 DE 45 HORAS,10,1,4,f,f,t,t,t,t,t,t,t,t,t,t,f,f,f,f,2018-11-19 14:08:28.788903,2018-11-19 14:08:28.788903
61,1,3,TURNO 3 DE 45 HORAS,10,1,5,f,f,t,t,t,t,t,t,t,t,t,f,f,f,f,f,2018-11-19 14:08:28.836979,2018-11-19 14:08:28.836979
62,1,3,TURNO 3 DE 45 HORAS,10,1,6,f,f,t,t,t,t,t,t,t,t,t,f,f,f,f,f,2018-11-19 14:08:28.882737,2018-11-19 14:08:28.882737
63,1,3,TURNO 3 DE 45 HORAS,10,1,7,f,f,f,f,f,f,f,f,f,f,f,f,f,f,f,f,2018-11-19 14:08:28.93169,2018-11-19 14:08:28.93169
64,1,3,TURNO 3 DE 45 HORAS,10,2,1,f,f,t,t,t,t,t,t,t,f,f,f,f,f,f,f,2018-11-19 14:08:28.966716,2018-11-19 14:08:28.966716
65,1,3,TURNO 3 DE 45 HORAS,10,2,2,f,f,t,t,t,t,t,t,t,t,t,t,f,f,f,f,2018-11-19 14:08:29.009216,2018-11-19 14:08:29.009216
66,1,3,TURNO 3 DE 45 HORAS,10,2,3,f,f,f,f,f,f,f,f,f,f,f,f,f,f,f,f,2018-11-19 14:08:29.041927,2018-11-19 14:08:29.041927
67,1,3,TURNO 3 DE 45 HORAS,10,2,4,f,f,t,t,t,t,t,t,t,t,t,t,f,f,f,f,2018-11-19 14:08:29.119055,2018-11-19 14:08:29.119055
68,1,3,TURNO 3 DE 45 HORAS,10,2,5,f,f,t,f,t,t,t,t,t,t,t,t,f,f,f,f,2018-11-19 14:08:29.166598,2018-11-19 14:08:29.166598
69,1,3,TURNO 3 DE 45 HORAS,10,2,6,f,f,t,f,t,t,t,t,t,t,t,t,f,f,f,f,2018-11-19 14:08:29.197319,2018-11-19 14:08:29.197319
70,1,3,TURNO 3 DE 45 HORAS,10,2,7,f,f,f,f,f,f,f,f,f,f,f,f,f,f,f,f,2018-11-19 14:08:29.217892,2018-11-19 14:08:29.217892
71,1,3,TURNO 3 DE 45 HORAS,10,3,1,f,f,t,t,t,t,t,t,t,t,t,t,f,f,f,f,2018-11-19 14:08:29.263377,2018-11-19 14:08:29.263377
72,1,3,TURNO 3 DE 45 HORAS,10,3,2,f,f,t,t,t,t,t,t,t,t,t,t,f,f,f,f,2018-11-19 14:08:29.2921,2018-11-19 14:08:29.2921
73,1,3,TURNO 3 DE 45 HORAS,10,3,3,f,f,t,t,t,t,t,t,t,t,t,t,f,f,f,f,2018-11-19 14:08:29.314524,2018-11-19 14:08:29.314524
74,1,3,TURNO 3 DE 45 HORAS,10,3,4,f,f,f,f,f,f,f,f,f,f,f,f,f,f,f,f,2018-11-19 14:08:29.358745,2018-11-19 14:08:29.358745
75,1,3,TURNO 3 DE 45 HORAS,10,3,5,f,f,f,f,f,f,f,f,f,f,f,f,f,f,f,f,2018-11-19 14:08:29.392195,2018-11-19 14:08:29.392195
76,1,3,TURNO 3 DE 45 HORAS,10,3,6,f,f,f,f,t,t,t,t,t,t,t,t,f,f,f,f,2018-11-19 14:08:29.432628,2018-11-19 14:08:29.432628
77,1,3,TURNO 3 DE 45 HORAS,10,3,7,f,f,f,f,t,t,t,t,t,t,t,t,f,f,f,f,2018-11-19 14:08:29.483131,2018-11-19 14:08:29.483131
78,1,3,TURNO 3 DE 45 HORAS,10,4,1,f,f,t,t,t,t,t,t,t,t,t,t,f,f,f,f,2018-11-19 14:08:29.562069,2018-11-19 14:08:29.562069
79,1,3,TURNO 3 DE 45 HORAS,10,4,2,f,f,f,f,f,f,f,f,f,f,f,f,f,f,f,f,2018-11-19 14:08:29.5931,2018-11-19 14:08:29.5931
80,1,3,TURNO 3 DE 45 HORAS,10,4,3,f,f,t,t,t,t,t,t,t,t,t,t,f,f,f,f,2018-11-19 14:08:29.626969,2018-11-19 14:08:29.626969
81,1,3,TURNO 3 DE 45 HORAS,10,4,4,f,f,t,t,t,t,t,t,t,t,t,f,f,f,f,f,2018-11-19 14:08:29.663216,2018-11-19 14:08:29.663216
82,1,3,TURNO 3 DE 45 HORAS,10,4,5,f,f,t,t,t,t,t,t,t,t,t,f,f,f,f,f,2018-11-19 14:08:29.705555,2018-11-19 14:08:29.705555
83,1,3,TURNO 3 DE 45 HORAS,10,4,6,f,f,t,t,t,t,t,t,t,t,t,f,f,f,f,f,2018-11-19 14:08:29.738043,2018-11-19 14:08:29.738043
84,1,3,TURNO 3 DE 45 HORAS,10,4,7,f,f,f,f,f,f,f,f,f,f,f,f,f,f,f,f,2018-11-19 14:08:29.769647,2018-11-19 14:08:29.769647
85,1,4,TURNO 4 DE 45 HORAS,10,1,1,f,f,t,t,t,t,t,t,t,t,t,t,f,f,f,f,2018-11-19 14:08:29.811009,2018-11-19 14:08:29.811009
86,1,4,TURNO 4 DE 45 HORAS,10,1,2,f,f,t,t,t,t,t,t,t,t,t,t,f,f,f,f,2018-11-19 14:08:29.842947,2018-11-19 14:08:29.842947
87,1,4,TURNO 4 DE 45 HORAS,10,1,3,f,f,f,f,f,f,f,f,f,f,f,f,f,f,f,f,2018-11-19 14:08:29.86099,2018-11-19 14:08:29.86099
88,1,4,TURNO 4 DE 45 HORAS,10,1,4,f,f,f,f,f,f,f,f,f,f,f,f,f,f,f,f,2018-11-19 14:08:29.876511,2018-11-19 14:08:29.876511
89,1,4,TURNO 4 DE 45 HORAS,10,1,5,f,f,f,f,t,t,t,t,t,t,t,t,f,f,f,f,2018-11-19 14:08:29.912879,2018-11-19 14:08:29.912879
90,1,4,TURNO 4 DE 45 HORAS,10,1,6,f,f,f,t,t,t,t,t,t,t,t,t,f,f,f,f,2018-11-19 14:08:29.93829,2018-11-19 14:08:29.93829
91,1,4,TURNO 4 DE 45 HORAS,10,1,7,f,f,t,t,t,t,t,t,t,t,t,t,f,f,f,f,2018-11-19 14:08:29.955979,2018-11-19 14:08:29.955979
92,1,4,TURNO 4 DE 45 HORAS,10,2,1,f,f,t,t,t,t,t,t,t,t,f,f,f,f,f,f,2018-11-19 14:08:29.978633,2018-11-19 14:08:29.978633
93,1,4,TURNO 4 DE 45 HORAS,10,2,2,f,f,f,f,f,f,f,f,f,f,f,f,f,f,f,f,2018-11-19 14:08:30.006031,2018-11-19 14:08:30.006031
94,1,4,TURNO 4 DE 45 HORAS,10,2,3,f,f,t,t,t,t,t,t,t,t,t,t,f,f,f,f,2018-11-19 14:08:30.037379,2018-11-19 14:08:30.037379
95,1,4,TURNO 4 DE 45 HORAS,10,2,4,f,f,t,t,t,t,t,t,t,t,t,f,f,f,f,f,2018-11-19 14:08:30.064619,2018-11-19 14:08:30.064619
96,1,4,TURNO 4 DE 45 HORAS,10,2,5,f,f,t,t,t,t,t,t,t,t,t,f,f,f,f,f,2018-11-19 14:08:30.095774,2018-11-19 14:08:30.095774
97,1,4,TURNO 4 DE 45 HORAS,10,2,6,f,f,t,t,t,t,t,t,t,t,t,f,f,f,f,f,2018-11-19 14:08:30.135646,2018-11-19 14:08:30.135646
98,1,4,TURNO 4 DE 45 HORAS,10,2,7,f,f,f,f,f,f,f,f,f,f,f,f,f,f,f,f,2018-11-19 14:08:30.162194,2018-11-19 14:08:30.162194
99,1,4,TURNO 4 DE 45 HORAS,10,3,1,f,f,f,f,t,t,t,t,t,t,t,f,f,f,f,f,2018-11-19 14:08:30.177557,2018-11-19 14:08:30.177557
100,1,4,TURNO 4 DE 45 HORAS,10,3,2,f,f,f,f,t,t,t,t,t,t,t,f,f,f,f,f,2018-11-19 14:08:30.210308,2018-11-19 14:08:30.210308
101,1,4,TURNO 4 DE 45 HORAS,10,3,3,f,f,f,f,f,f,f,f,f,f,f,f,f,f,f,f,2018-11-19 14:08:30.237673,2018-11-19 14:08:30.237673
102,1,4,TURNO 4 DE 45 HORAS,10,3,4,f,f,f,f,t,t,t,t,t,t,t,f,f,f,f,f,2018-11-19 14:08:30.274537,2018-11-19 14:08:30.274537
103,1,4,TURNO 4 DE 45 HORAS,10,3,5,f,f,f,t,t,t,t,t,t,t,t,f,f,f,f,f,2018-11-19 14:08:30.301713,2018-11-19 14:08:30.301713
104,1,4,TURNO 4 DE 45 HORAS,10,3,6,f,f,f,t,t,t,t,t,t,t,t,f,f,f,f,f,2018-11-19 14:08:30.340403,2018-11-19 14:08:30.340403
105,1,4,TURNO 4 DE 45 HORAS,10,3,7,f,f,t,t,t,t,t,t,t,t,t,f,f,f,f,f,2018-11-19 14:08:30.360942,2018-11-19 14:08:30.360942
106,1,4,TURNO 4 DE 45 HORAS,10,4,1,f,f,t,t,t,t,t,t,f,f,f,f,f,f,f,f,2018-11-19 14:08:30.378575,2018-11-19 14:08:30.378575
107,1,4,TURNO 4 DE 45 HORAS,10,4,2,f,f,t,t,t,t,t,t,t,t,t,t,f,f,f,f,2018-11-19 14:08:30.410086,2018-11-19 14:08:30.410086
108,1,4,TURNO 4 DE 45 HORAS,10,4,3,f,f,f,f,f,f,f,f,f,f,f,f,f,f,f,f,2018-11-19 14:08:30.444092,2018-11-19 14:08:30.444092
109,1,4,TURNO 4 DE 45 HORAS,10,4,4,f,f,t,t,t,t,t,t,t,t,t,t,f,f,f,f,2018-11-19 14:08:30.463488,2018-11-19 14:08:30.463488
110,1,4,TURNO 4 DE 45 HORAS,10,4,5,f,f,t,f,t,t,t,t,t,t,t,t,f,f,f,f,2018-11-19 14:08:30.483124,2018-11-19 14:08:30.483124
111,1,4,TURNO 4 DE 45 HORAS,10,4,6,f,f,t,f,t,t,t,t,t,t,t,t,f,f,f,f,2018-11-19 14:08:30.51639,2018-11-19 14:08:30.51639
112,1,4,TURNO 4 DE 45 HORAS,10,4,7,f,f,f,f,f,f,f,f,f,f,f,f,f,f,f,f,2018-11-19 14:08:30.546943,2018-11-19 14:08:30.546943
113,1,5,TURNO 1 DE 36 HORAS,10,1,1,f,f,f,f,f,f,f,f,f,f,f,f,f,f,f,f,2018-11-19 14:08:30.566108,2018-11-19 14:08:30.566108
114,1,5,TURNO 1 DE 36 HORAS,10,1,2,f,f,f,f,f,f,f,f,f,f,f,f,f,f,f,f,2018-11-19 14:08:30.615262,2018-11-19 14:08:30.615262
115,1,5,TURNO 1 DE 36 HORAS,10,1,3,f,f,f,f,t,t,t,t,t,t,t,f,f,f,f,f,2018-11-19 14:08:30.648453,2018-11-19 14:08:30.648453
116,1,5,TURNO 1 DE 36 HORAS,10,1,4,f,f,f,f,t,t,t,t,t,t,t,t,f,f,f,f,2018-11-19 14:08:30.674473,2018-11-19 14:08:30.674473
117,1,5,TURNO 1 DE 36 HORAS,10,1,5,f,f,f,f,f,f,f,t,t,t,t,t,f,f,f,f,2018-11-19 14:08:30.714917,2018-11-19 14:08:30.714917
118,1,5,TURNO 1 DE 36 HORAS,10,1,6,f,f,f,f,f,t,t,t,t,t,t,t,f,f,f,f,2018-11-19 14:08:30.735794,2018-11-19 14:08:30.735794
119,1,5,TURNO 1 DE 36 HORAS,10,1,7,f,f,f,f,f,t,t,t,t,t,t,t,f,f,f,f,2018-11-19 14:08:30.749149,2018-11-19 14:08:30.749149
120,1,5,TURNO 1 DE 36 HORAS,10,2,1,f,f,f,f,t,t,t,t,t,t,t,f,f,f,f,f,2018-11-19 14:08:30.76681,2018-11-19 14:08:30.76681
121,1,5,TURNO 1 DE 36 HORAS,10,2,2,f,f,f,f,t,t,t,t,t,t,t,f,f,f,f,f,2018-11-19 14:08:30.776843,2018-11-19 14:08:30.776843
122,1,5,TURNO 1 DE 36 HORAS,10,2,3,f,f,f,f,t,t,t,t,t,t,t,t,f,f,f,f,2018-11-19 14:08:30.79332,2018-11-19 14:08:30.79332
123,1,5,TURNO 1 DE 36 HORAS,10,2,4,f,f,f,f,f,f,f,f,f,f,f,f,f,f,f,f,2018-11-19 14:08:30.81152,2018-11-19 14:08:30.81152
124,1,5,TURNO 1 DE 36 HORAS,10,2,5,f,f,f,f,f,f,f,f,f,f,f,f,f,f,f,f,2018-11-19 14:08:30.858198,2018-11-19 14:08:30.858198
125,1,5,TURNO 1 DE 36 HORAS,10,2,6,f,f,f,f,t,t,t,t,t,t,t,f,f,f,f,f,2018-11-19 14:08:30.884809,2018-11-19 14:08:30.884809
126,1,5,TURNO 1 DE 36 HORAS,10,2,7,f,f,f,f,t,t,t,t,t,t,t,f,f,f,f,f,2018-11-19 14:08:30.913662,2018-11-19 14:08:30.913662
127,1,5,TURNO 1 DE 36 HORAS,10,3,1,f,f,f,f,f,f,f,f,f,f,f,f,f,f,f,f,2018-11-19 14:08:30.939565,2018-11-19 14:08:30.939565
128,1,5,TURNO 1 DE 36 HORAS,10,3,2,f,f,f,f,f,f,f,f,f,f,f,f,f,f,f,f,2018-11-19 14:08:30.957668,2018-11-19 14:08:30.957668
129,1,5,TURNO 1 DE 36 HORAS,10,3,3,f,f,f,t,t,t,t,t,t,t,t,f,f,f,f,f,2018-11-19 14:08:30.979982,2018-11-19 14:08:30.979982
130,1,5,TURNO 1 DE 36 HORAS,10,3,4,f,f,f,t,t,t,t,t,t,t,t,t,f,f,f,f,2018-11-19 14:08:30.991688,2018-11-19 14:08:30.991688
131,1,5,TURNO 1 DE 36 HORAS,10,3,5,f,f,f,f,f,f,f,t,t,t,t,t,f,f,f,f,2018-11-19 14:08:31.003578,2018-11-19 14:08:31.003578
132,1,5,TURNO 1 DE 36 HORAS,10,3,6,f,f,f,f,f,t,t,t,t,t,t,t,f,f,f,f,2018-11-19 14:08:31.013733,2018-11-19 14:08:31.013733
133,1,5,TURNO 1 DE 36 HORAS,10,3,7,f,f,f,f,f,t,t,t,t,t,t,t,f,f,f,f,2018-11-19 14:08:31.031985,2018-11-19 14:08:31.031985
134,1,5,TURNO 1 DE 36 HORAS,10,4,1,f,f,f,f,t,t,t,t,t,t,t,f,f,f,f,f,2018-11-19 14:08:31.061527,2018-11-19 14:08:31.061527
135,1,5,TURNO 1 DE 36 HORAS,10,4,2,f,f,f,f,t,t,t,t,t,t,t,f,f,f,f,f,2018-11-19 14:08:31.081819,2018-11-19 14:08:31.081819
136,1,5,TURNO 1 DE 36 HORAS,10,4,3,f,f,f,f,t,t,t,t,t,t,t,t,f,f,f,f,2018-11-19 14:08:31.097368,2018-11-19 14:08:31.097368
137,1,5,TURNO 1 DE 36 HORAS,10,4,4,f,f,f,f,f,f,f,f,f,f,f,f,f,f,f,f,2018-11-19 14:08:31.117888,2018-11-19 14:08:31.117888
138,1,5,TURNO 1 DE 36 HORAS,10,4,5,f,f,f,f,f,f,f,f,f,f,f,f,f,f,f,f,2018-11-19 14:08:31.158444,2018-11-19 14:08:31.158444
139,1,5,TURNO 1 DE 36 HORAS,10,4,6,f,f,f,f,t,t,t,t,t,t,t,f,f,f,f,f,2018-11-19 14:08:31.178297,2018-11-19 14:08:31.178297
140,1,5,TURNO 1 DE 36 HORAS,10,4,7,f,f,f,f,t,t,t,t,t,t,t,f,f,f,f,f,2018-11-19 14:08:31.208542,2018-11-19 14:08:31.208542
141,1,6,TURNO 2 DE 36 HORAS,10,1,1,f,f,f,f,f,f,f,f,f,f,f,f,f,f,f,f,2018-11-19 14:08:31.240116,2018-11-19 14:08:31.240116
142,1,6,TURNO 2 DE 36 HORAS,10,1,2,f,f,f,f,t,t,t,t,t,t,t,f,f,f,f,f,2018-11-19 14:08:31.261571,2018-11-19 14:08:31.261571
143,1,6,TURNO 2 DE 36 HORAS,10,1,3,f,f,f,f,f,t,t,t,t,t,t,f,f,f,f,f,2018-11-19 14:08:31.279184,2018-11-19 14:08:31.279184
144,1,6,TURNO 2 DE 36 HORAS,10,1,4,f,f,f,f,t,t,t,t,t,t,t,t,f,f,f,f,2018-11-19 14:08:31.309766,2018-11-19 14:08:31.309766
145,1,6,TURNO 2 DE 36 HORAS,10,1,5,f,f,f,t,t,t,t,t,t,f,f,t,f,f,f,f,2018-11-19 14:08:31.343001,2018-11-19 14:08:31.343001
146,1,6,TURNO 2 DE 36 HORAS,10,1,6,f,f,f,t,t,t,t,t,t,t,f,f,f,f,f,f,2018-11-19 14:08:31.363285,2018-11-19 14:08:31.363285
147,1,6,TURNO 2 DE 36 HORAS,10,1,7,f,f,f,f,f,f,f,f,f,f,f,f,f,f,f,f,2018-11-19 14:08:31.377422,2018-11-19 14:08:31.377422
148,1,6,TURNO 2 DE 36 HORAS,10,2,1,f,f,f,f,f,f,f,f,f,f,f,f,f,f,f,f,2018-11-19 14:08:31.409995,2018-11-19 14:08:31.409995
149,1,6,TURNO 2 DE 36 HORAS,10,2,2,f,f,f,f,t,t,t,t,t,t,t,t,f,f,f,f,2018-11-19 14:08:31.443439,2018-11-19 14:08:31.443439
150,1,6,TURNO 2 DE 36 HORAS,10,2,3,f,f,f,f,f,f,f,f,f,f,f,f,f,f,f,f,2018-11-19 14:08:31.476661,2018-11-19 14:08:31.476661
151,1,6,TURNO 2 DE 36 HORAS,10,2,4,f,f,f,f,f,t,t,t,t,t,t,t,f,f,f,f,2018-11-19 14:08:31.511595,2018-11-19 14:08:31.511595
152,1,6,TURNO 2 DE 36 HORAS,10,2,5,f,f,f,t,t,t,t,t,t,t,t,t,f,f,f,f,2018-11-19 14:08:31.574403,2018-11-19 14:08:31.574403
153,1,6,TURNO 2 DE 36 HORAS,10,2,6,f,f,f,t,t,t,t,t,t,t,t,t,f,f,f,f,2018-11-19 14:08:31.616374,2018-11-19 14:08:31.616374
154,1,6,TURNO 2 DE 36 HORAS,10,2,7,f,f,f,f,f,f,f,t,t,t,t,t,f,f,f,f,2018-11-19 14:08:31.630282,2018-11-19 14:08:31.630282
155,1,6,TURNO 2 DE 36 HORAS,10,3,1,f,f,f,f,f,f,f,f,f,f,f,f,f,f,f,f,2018-11-19 14:08:31.659163,2018-11-19 14:08:31.659163
156,1,6,TURNO 2 DE 36 HORAS,10,3,2,f,f,f,f,t,t,t,t,t,t,t,f,f,f,f,f,2018-11-19 14:08:31.695382,2018-11-19 14:08:31.695382
157,1,6,TURNO 2 DE 36 HORAS,10,3,3,f,f,f,f,f,t,t,t,t,t,t,t,f,f,f,f,2018-11-19 14:08:31.72801,2018-11-19 14:08:31.72801
158,1,6,TURNO 2 DE 36 HORAS,10,3,4,f,f,f,f,t,t,t,t,t,t,t,t,f,f,f,f,2018-11-19 14:08:31.765392,2018-11-19 14:08:31.765392
159,1,6,TURNO 2 DE 36 HORAS,10,3,5,f,f,f,t,t,t,t,t,t,f,f,t,f,f,f,f,2018-11-19 14:08:31.810422,2018-11-19 14:08:31.810422
160,1,6,TURNO 2 DE 36 HORAS,10,3,6,f,f,f,t,t,t,t,t,t,t,f,f,f,f,f,f,2018-11-19 14:08:31.840994,2018-11-19 14:08:31.840994
161,1,6,TURNO 2 DE 36 HORAS,10,3,7,f,f,f,f,f,f,f,f,f,f,f,f,f,f,f,f,2018-11-19 14:08:31.859809,2018-11-19 14:08:31.859809
162,1,6,TURNO 2 DE 36 HORAS,10,4,1,f,f,f,f,f,f,f,f,f,f,f,f,f,f,f,f,2018-11-19 14:08:31.877621,2018-11-19 14:08:31.877621
163,1,6,TURNO 2 DE 36 HORAS,10,4,2,f,f,f,f,t,t,t,t,t,t,t,t,f,f,f,f,2018-11-19 14:08:31.906067,2018-11-19 14:08:31.906067
164,1,6,TURNO 2 DE 36 HORAS,10,4,3,f,f,f,f,f,f,f,f,f,f,f,f,f,f,f,f,2018-11-19 14:08:31.937485,2018-11-19 14:08:31.937485
165,1,6,TURNO 2 DE 36 HORAS,10,4,4,f,f,f,f,f,t,t,t,t,t,t,t,f,f,f,f,2018-11-19 14:08:31.964588,2018-11-19 14:08:31.964588
166,1,6,TURNO 2 DE 36 HORAS,10,4,5,f,f,f,f,t,t,t,t,t,t,t,t,f,f,f,f,2018-11-19 14:08:32.003153,2018-11-19 14:08:32.003153
167,1,6,TURNO 2 DE 36 HORAS,10,4,6,f,f,f,f,t,t,t,t,t,t,t,t,f,f,f,f,2018-11-19 14:08:32.032912,2018-11-19 14:08:32.032912
168,1,6,TURNO 2 DE 36 HORAS,10,4,7,f,f,f,f,f,f,f,t,t,t,t,t,f,f,f,f,2018-11-19 14:08:32.049714,2018-11-19 14:08:32.049714
169,1,7,TURNO 3 DE 36 HORAS,10,1,1,f,f,f,f,t,t,t,t,t,t,t,f,f,f,f,f,2018-11-19 14:08:32.076339,2018-11-19 14:08:32.076339
170,1,7,TURNO 3 DE 36 HORAS,10,1,2,f,f,f,f,t,t,t,t,t,t,t,f,f,f,f,f,2018-11-19 14:08:32.099733,2018-11-19 14:08:32.099733
171,1,7,TURNO 3 DE 36 HORAS,10,1,3,f,f,f,f,t,t,t,t,t,t,t,t,f,f,f,f,2018-11-19 14:08:32.147618,2018-11-19 14:08:32.147618
172,1,7,TURNO 3 DE 36 HORAS,10,1,4,f,f,f,f,f,f,f,f,f,f,f,f,f,f,f,f,2018-11-19 14:08:32.161707,2018-11-19 14:08:32.161707
173,1,7,TURNO 3 DE 36 HORAS,10,1,5,f,f,f,f,f,f,f,f,f,f,f,f,f,f,f,f,2018-11-19 14:08:32.181272,2018-11-19 14:08:32.181272
174,1,7,TURNO 3 DE 36 HORAS,10,1,6,f,f,f,f,t,t,t,t,t,t,t,f,f,f,f,f,2018-11-19 14:08:32.197988,2018-11-19 14:08:32.197988
175,1,7,TURNO 3 DE 36 HORAS,10,1,7,f,f,f,f,t,t,t,t,t,t,t,f,f,f,f,f,2018-11-19 14:08:32.222921,2018-11-19 14:08:32.222921
176,1,7,TURNO 3 DE 36 HORAS,10,2,1,f,f,f,f,f,f,f,f,f,f,f,f,f,f,f,f,2018-11-19 14:08:32.327043,2018-11-19 14:08:32.327043
177,1,7,TURNO 3 DE 36 HORAS,10,2,2,f,f,f,f,t,t,t,t,t,t,t,f,f,f,f,f,2018-11-19 14:08:32.351376,2018-11-19 14:08:32.351376
178,1,7,TURNO 3 DE 36 HORAS,10,2,3,f,f,f,f,f,t,t,t,t,t,t,t,f,f,f,f,2018-11-19 14:08:32.38829,2018-11-19 14:08:32.38829
179,1,7,TURNO 3 DE 36 HORAS,10,2,4,f,f,f,f,t,t,t,t,t,t,t,t,f,f,f,f,2018-11-19 14:08:32.424567,2018-11-19 14:08:32.424567
180,1,7,TURNO 3 DE 36 HORAS,10,2,5,f,f,f,t,t,t,t,t,t,f,f,t,f,f,f,f,2018-11-19 14:08:32.459084,2018-11-19 14:08:32.459084
181,1,7,TURNO 3 DE 36 HORAS,10,2,6,f,f,f,t,t,t,t,t,t,t,f,f,f,f,f,f,2018-11-19 14:08:32.481032,2018-11-19 14:08:32.481032
182,1,7,TURNO 3 DE 36 HORAS,10,2,7,f,f,f,f,f,f,f,f,f,f,f,f,f,f,f,f,2018-11-19 14:08:32.506595,2018-11-19 14:08:32.506595
183,1,7,TURNO 3 DE 36 HORAS,10,3,1,f,f,f,f,f,f,f,f,f,f,f,f,f,f,f,f,2018-11-19 14:08:32.524113,2018-11-19 14:08:32.524113
184,1,7,TURNO 3 DE 36 HORAS,10,3,2,f,f,f,f,t,t,t,t,t,t,t,f,f,f,f,f,2018-11-19 14:08:32.545768,2018-11-19 14:08:32.545768
185,1,7,TURNO 3 DE 36 HORAS,10,3,3,f,f,f,f,f,t,t,t,t,t,t,t,f,f,f,f,2018-11-19 14:08:32.569395,2018-11-19 14:08:32.569395
186,1,7,TURNO 3 DE 36 HORAS,10,3,4,f,f,f,f,t,t,t,t,t,t,t,t,f,f,f,f,2018-11-19 14:08:32.60178,2018-11-19 14:08:32.60178
187,1,7,TURNO 3 DE 36 HORAS,10,3,5,f,f,f,t,t,t,t,t,t,f,f,t,f,f,f,f,2018-11-19 14:08:32.635347,2018-11-19 14:08:32.635347
188,1,7,TURNO 3 DE 36 HORAS,10,3,6,f,f,f,t,t,t,t,t,t,t,f,f,f,f,f,f,2018-11-19 14:08:32.666692,2018-11-19 14:08:32.666692
189,1,7,TURNO 3 DE 36 HORAS,10,3,7,f,f,f,f,f,f,f,f,f,f,f,f,f,f,f,f,2018-11-19 14:08:32.695628,2018-11-19 14:08:32.695628
190,1,7,TURNO 3 DE 36 HORAS,10,4,1,f,f,f,f,t,t,t,t,t,t,t,f,f,f,f,f,2018-11-19 14:08:32.724015,2018-11-19 14:08:32.724015
191,1,7,TURNO 3 DE 36 HORAS,10,4,2,f,f,f,f,t,t,t,t,t,t,t,f,f,f,f,f,2018-11-19 14:08:32.759069,2018-11-19 14:08:32.759069
192,1,7,TURNO 3 DE 36 HORAS,10,4,3,f,f,f,f,t,t,t,t,t,t,t,t,f,f,f,f,2018-11-19 14:08:32.795189,2018-11-19 14:08:32.795189
193,1,7,TURNO 3 DE 36 HORAS,10,4,4,f,f,f,f,f,f,f,f,f,f,f,f,f,f,f,f,2018-11-19 14:08:32.828598,2018-11-19 14:08:32.828598
194,1,7,TURNO 3 DE 36 HORAS,10,4,5,f,f,f,f,f,f,f,f,f,f,f,f,f,f,f,f,2018-11-19 14:08:32.863046,2018-11-19 14:08:32.863046
195,1,7,TURNO 3 DE 36 HORAS,10,4,6,f,f,f,f,t,t,t,t,t,t,t,f,f,f,f,f,2018-11-19 14:08:32.88315,2018-11-19 14:08:32.88315
196,1,7,TURNO 3 DE 36 HORAS,10,4,7,f,f,f,f,t,t,t,t,t,t,t,f,f,f,f,f,2018-11-19 14:08:32.911983,2018-11-19 14:08:32.911983
197,1,8,TURNO 4 DE 36 HORAS,10,1,1,f,f,t,t,t,t,t,t,t,t,t,t,f,f,f,f,2018-11-19 14:08:32.945997,2018-11-19 14:08:32.945997
198,1,8,TURNO 4 DE 36 HORAS,10,1,2,f,f,f,f,f,f,f,f,f,f,f,f,f,f,f,f,2018-11-19 14:08:32.982639,2018-11-19 14:08:32.982639
199,1,8,TURNO 4 DE 36 HORAS,10,1,3,f,f,f,f,f,f,f,f,f,f,f,f,f,f,f,f,2018-11-19 14:08:33.009932,2018-11-19 14:08:33.009932
200,1,8,TURNO 4 DE 36 HORAS,10,1,4,f,f,f,f,f,f,f,f,f,f,f,f,f,f,f,f,2018-11-19 14:08:33.042029,2018-11-19 14:08:33.042029
201,1,8,TURNO 4 DE 36 HORAS,10,1,5,f,f,f,f,f,f,t,t,t,t,t,t,f,f,f,f,2018-11-19 14:08:33.070698,2018-11-19 14:08:33.070698
202,1,8,TURNO 4 DE 36 HORAS,10,1,6,f,f,t,t,t,t,t,t,t,t,t,t,f,f,f,f,2018-11-19 14:08:33.111404,2018-11-19 14:08:33.111404
203,1,8,TURNO 4 DE 36 HORAS,10,1,7,f,f,t,t,t,t,t,t,t,t,t,t,f,f,f,f,2018-11-19 14:08:33.145613,2018-11-19 14:08:33.145613
204,1,8,TURNO 4 DE 36 HORAS,10,2,1,f,f,t,t,t,t,t,t,t,t,f,f,f,f,f,f,2018-11-19 14:08:33.167899,2018-11-19 14:08:33.167899
205,1,8,TURNO 4 DE 36 HORAS,10,2,2,f,f,f,f,f,f,f,f,f,f,f,f,f,f,f,f,2018-11-19 14:08:33.208905,2018-11-19 14:08:33.208905
206,1,8,TURNO 4 DE 36 HORAS,10,2,3,f,f,f,f,t,t,t,t,t,t,f,f,f,f,f,f,2018-11-19 14:08:33.231646,2018-11-19 14:08:33.231646
207,1,8,TURNO 4 DE 36 HORAS,10,2,4,f,f,f,f,t,t,t,t,t,t,f,f,f,f,f,f,2018-11-19 14:08:33.257186,2018-11-19 14:08:33.257186
208,1,8,TURNO 4 DE 36 HORAS,10,2,5,f,f,f,f,t,t,t,t,t,t,f,f,f,f,f,f,2018-11-19 14:08:33.307305,2018-11-19 14:08:33.307305
209,1,8,TURNO 4 DE 36 HORAS,10,2,6,f,f,f,f,f,f,f,f,f,f,f,f,f,f,f,f,2018-11-19 14:08:33.343657,2018-11-19 14:08:33.343657
210,1,8,TURNO 4 DE 36 HORAS,10,2,7,f,f,t,t,t,t,t,t,t,t,t,t,f,f,f,f,2018-11-19 14:08:33.360231,2018-11-19 14:08:33.360231
211,1,8,TURNO 4 DE 36 HORAS,10,3,1,f,f,t,t,t,t,t,t,t,t,t,t,f,f,f,f,2018-11-19 14:08:33.376985,2018-11-19 14:08:33.376985
212,1,8,TURNO 4 DE 36 HORAS,10,3,2,f,f,f,f,f,f,f,f,f,f,f,f,f,f,f,f,2018-11-19 14:08:33.411126,2018-11-19 14:08:33.411126
213,1,8,TURNO 4 DE 36 HORAS,10,3,3,f,f,f,f,f,f,f,f,f,f,f,f,f,f,f,f,2018-11-19 14:08:33.440692,2018-11-19 14:08:33.440692
214,1,8,TURNO 4 DE 36 HORAS,10,3,4,f,f,f,f,f,f,f,f,f,f,f,f,f,f,f,f,2018-11-19 14:08:33.462296,2018-11-19 14:08:33.462296
215,1,8,TURNO 4 DE 36 HORAS,10,3,5,f,f,f,f,f,f,t,t,t,t,t,t,f,f,f,f,2018-11-19 14:08:33.47744,2018-11-19 14:08:33.47744
216,1,8,TURNO 4 DE 36 HORAS,10,3,6,f,f,t,t,t,t,t,t,t,t,t,t,f,f,f,f,2018-11-19 14:08:33.498904,2018-11-19 14:08:33.498904
217,1,8,TURNO 4 DE 36 HORAS,10,3,7,f,f,t,t,t,t,t,t,t,t,t,t,f,f,f,f,2018-11-19 14:08:33.533318,2018-11-19 14:08:33.533318
218,1,8,TURNO 4 DE 36 HORAS,10,4,1,f,f,t,t,t,t,t,t,t,t,f,f,f,f,f,f,2018-11-19 14:08:33.568194,2018-11-19 14:08:33.568194
219,1,8,TURNO 4 DE 36 HORAS,10,4,2,f,f,f,f,f,f,f,f,f,f,f,f,f,f,f,f,2018-11-19 14:08:33.598984,2018-11-19 14:08:33.598984
220,1,8,TURNO 4 DE 36 HORAS,10,4,3,f,f,f,f,t,t,t,t,t,t,f,f,f,f,f,f,2018-11-19 14:08:33.628797,2018-11-19 14:08:33.628797
221,1,8,TURNO 4 DE 36 HORAS,10,4,4,f,f,f,f,t,t,t,t,t,t,f,f,f,f,f,f,2018-11-19 14:08:33.645115,2018-11-19 14:08:33.645115
222,1,8,TURNO 4 DE 36 HORAS,10,4,5,f,f,f,f,t,t,t,t,t,t,f,f,f,f,f,f,2018-11-19 14:08:33.663785,2018-11-19 14:08:33.663785
223,1,8,TURNO 4 DE 36 HORAS,10,4,6,f,f,f,f,f,f,f,f,f,f,f,f,f,f,f,f,2018-11-19 14:08:33.696872,2018-11-19 14:08:33.696872
224,1,8,TURNO 4 DE 36 HORAS,10,4,7,f,f,t,t,t,t,t,t,t,t,t,t,f,f,f,f,2018-11-19 14:08:33.728991,2018-11-19 14:08:33.728991
225,1,9,TURNO 1 DE 24 HORAS,10,1,1,f,f,f,f,f,f,f,f,f,f,f,f,f,f,f,f,2018-11-19 14:08:33.76389,2018-11-19 14:08:33.76389
226,1,9,TURNO 1 DE 24 HORAS,10,1,2,f,f,f,f,f,f,f,f,f,f,f,f,f,f,f,f,2018-11-19 14:08:33.794427,2018-11-19 14:08:33.794427
227,1,9,TURNO 1 DE 24 HORAS,10,1,3,f,f,f,f,f,f,f,f,f,f,f,f,f,f,f,f,2018-11-19 14:08:33.832229,2018-11-19 14:08:33.832229
228,1,9,TURNO 1 DE 24 HORAS,10,1,4,f,f,f,f,f,f,f,f,f,f,f,f,f,f,f,f,2018-11-19 14:08:33.849486,2018-11-19 14:08:33.849486
229,1,9,TURNO 1 DE 24 HORAS,10,1,5,f,f,f,f,f,f,f,f,t,t,t,t,f,f,f,f,2018-11-19 14:08:33.877674,2018-11-19 14:08:33.877674
230,1,9,TURNO 1 DE 24 HORAS,10,1,6,f,f,f,f,f,f,f,f,f,f,f,f,f,f,f,f,2018-11-19 14:08:33.911344,2018-11-19 14:08:33.911344
231,1,9,TURNO 1 DE 24 HORAS,10,1,7,f,f,f,f,f,f,f,f,f,f,f,f,f,f,f,f,2018-11-19 14:08:33.954634,2018-11-19 14:08:33.954634
232,1,9,TURNO 1 DE 24 HORAS,10,2,1,f,f,f,f,f,f,f,f,f,f,f,f,f,f,f,f,2018-11-19 14:08:33.992992,2018-11-19 14:08:33.992992
233,1,9,TURNO 1 DE 24 HORAS,10,2,2,f,f,f,f,f,f,f,f,f,f,f,f,f,f,f,f,2018-11-19 14:08:34.02483,2018-11-19 14:08:34.02483
234,1,9,TURNO 1 DE 24 HORAS,10,2,3,f,f,f,f,f,f,f,f,f,f,f,f,f,f,f,f,2018-11-19 14:08:34.047573,2018-11-19 14:08:34.047573
235,1,9,TURNO 1 DE 24 HORAS,10,2,4,f,f,f,f,f,f,f,f,f,f,f,f,f,f,f,f,2018-11-19 14:08:34.080383,2018-11-19 14:08:34.080383
236,1,9,TURNO 1 DE 24 HORAS,10,2,5,f,f,f,f,f,f,f,f,t,t,t,t,f,f,f,f,2018-11-19 14:08:34.099182,2018-11-19 14:08:34.099182
237,1,9,TURNO 1 DE 24 HORAS,10,2,6,f,f,t,t,t,t,t,t,t,t,t,t,f,f,f,f,2018-11-19 14:08:34.13502,2018-11-19 14:08:34.13502
238,1,9,TURNO 1 DE 24 HORAS,10,2,7,f,f,t,t,t,t,t,t,t,t,t,t,f,f,f,f,2018-11-19 14:08:34.157698,2018-11-19 14:08:34.157698
239,1,9,TURNO 1 DE 24 HORAS,10,3,1,f,f,f,f,f,f,f,f,f,f,f,f,f,f,f,f,2018-11-19 14:08:34.185567,2018-11-19 14:08:34.185567
240,1,9,TURNO 1 DE 24 HORAS,10,3,2,f,f,f,f,f,f,f,f,f,f,f,f,f,f,f,f,2018-11-19 14:08:34.224522,2018-11-19 14:08:34.224522
241,1,9,TURNO 1 DE 24 HORAS,10,3,3,f,f,f,f,f,f,f,f,f,f,f,f,f,f,f,f,2018-11-19 14:08:34.254138,2018-11-19 14:08:34.254138
242,1,9,TURNO 1 DE 24 HORAS,10,3,4,f,f,f,f,f,f,f,f,f,f,f,f,f,f,f,f,2018-11-19 14:08:34.283777,2018-11-19 14:08:34.283777
243,1,9,TURNO 1 DE 24 HORAS,10,3,5,f,f,f,f,f,f,f,f,t,t,t,t,f,f,f,f,2018-11-19 14:08:34.302724,2018-11-19 14:08:34.302724
244,1,9,TURNO 1 DE 24 HORAS,10,3,6,f,f,t,t,t,t,t,t,t,t,t,t,f,f,f,f,2018-11-19 14:08:34.331685,2018-11-19 14:08:34.331685
245,1,9,TURNO 1 DE 24 HORAS,10,3,7,f,f,t,t,t,t,t,t,t,t,t,t,f,f,f,f,2018-11-19 14:08:34.363067,2018-11-19 14:08:34.363067
246,1,9,TURNO 1 DE 24 HORAS,10,4,1,f,f,f,f,f,f,f,f,f,f,f,f,f,f,f,f,2018-11-19 14:08:34.390086,2018-11-19 14:08:34.390086
247,1,9,TURNO 1 DE 24 HORAS,10,4,2,f,f,f,f,f,f,f,f,f,f,f,f,f,f,f,f,2018-11-19 14:08:34.417578,2018-11-19 14:08:34.417578
248,1,9,TURNO 1 DE 24 HORAS,10,4,3,f,f,f,f,f,f,f,f,f,f,f,f,f,f,f,f,2018-11-19 14:08:34.44022,2018-11-19 14:08:34.44022
249,1,9,TURNO 1 DE 24 HORAS,10,4,4,f,f,f,f,f,f,f,f,f,f,f,f,f,f,f,f,2018-11-19 14:08:34.478641,2018-11-19 14:08:34.478641
250,1,9,TURNO 1 DE 24 HORAS,10,4,5,f,f,f,f,f,f,f,f,t,t,t,t,f,f,f,f,2018-11-19 14:08:34.505051,2018-11-19 14:08:34.505051
251,1,9,TURNO 1 DE 24 HORAS,10,4,6,f,f,t,t,t,t,t,t,t,t,t,t,f,f,f,f,2018-11-19 14:08:34.542516,2018-11-19 14:08:34.542516
252,1,9,TURNO 1 DE 24 HORAS,10,4,7,f,f,t,t,t,t,t,t,t,t,t,t,f,f,f,f,2018-11-19 14:08:34.579832,2018-11-19 14:08:34.579832
253,1,10,TURNO SABADO - DOMINGO,10,1,1,f,f,f,f,f,f,f,f,f,f,f,f,f,f,f,f,2018-11-19 14:08:34.621795,2018-11-19 14:08:34.621795
254,1,10,TURNO SABADO - DOMINGO,10,1,2,f,f,f,f,f,f,f,f,f,f,f,f,f,f,f,f,2018-11-19 14:08:34.638205,2018-11-19 14:08:34.638205
255,1,10,TURNO SABADO - DOMINGO,10,1,3,f,f,f,f,f,f,f,f,f,f,f,f,f,f,f,f,2018-11-19 14:08:34.662139,2018-11-19 14:08:34.662139
256,1,10,TURNO SABADO - DOMINGO,10,1,4,f,f,f,f,f,f,f,f,f,f,f,f,f,f,f,f,2018-11-19 14:08:34.677234,2018-11-19 14:08:34.677234
257,1,10,TURNO SABADO - DOMINGO,10,1,5,f,f,f,f,f,f,f,f,f,f,f,f,f,f,f,f,2018-11-19 14:08:34.703645,2018-11-19 14:08:34.703645
258,1,10,TURNO SABADO - DOMINGO,10,1,6,f,f,t,t,t,t,t,t,t,t,t,t,f,f,f,f,2018-11-19 14:08:34.741266,2018-11-19 14:08:34.741266
259,1,10,TURNO SABADO - DOMINGO,10,1,7,f,f,t,t,t,t,t,t,t,t,t,t,f,f,f,f,2018-11-19 14:08:34.761941,2018-11-19 14:08:34.761941
260,1,10,TURNO SABADO - DOMINGO,10,2,1,f,f,f,f,f,f,f,f,f,f,f,f,f,f,f,f,2018-11-19 14:08:34.780495,2018-11-19 14:08:34.780495
261,1,10,TURNO SABADO - DOMINGO,10,2,2,f,f,f,f,f,f,f,f,f,f,f,f,f,f,f,f,2018-11-19 14:08:34.840247,2018-11-19 14:08:34.840247
262,1,10,TURNO SABADO - DOMINGO,10,2,3,f,f,f,f,f,f,f,f,f,f,f,f,f,f,f,f,2018-11-19 14:08:34.87237,2018-11-19 14:08:34.87237
263,1,10,TURNO SABADO - DOMINGO,10,2,4,f,f,f,f,f,f,f,f,f,f,f,f,f,f,f,f,2018-11-19 14:08:34.929007,2018-11-19 14:08:34.929007
264,1,10,TURNO SABADO - DOMINGO,10,2,5,f,f,f,f,f,f,f,f,f,f,f,f,f,f,f,f,2018-11-19 14:08:34.964918,2018-11-19 14:08:34.964918
265,1,10,TURNO SABADO - DOMINGO,10,2,6,f,f,t,t,t,t,t,t,t,t,t,t,f,f,f,f,2018-11-19 14:08:35.001278,2018-11-19 14:08:35.001278
266,1,10,TURNO SABADO - DOMINGO,10,2,7,f,f,t,t,t,t,t,t,t,t,t,t,f,f,f,f,2018-11-19 14:08:35.018028,2018-11-19 14:08:35.018028
267,1,10,TURNO SABADO - DOMINGO,10,3,1,f,f,f,f,f,f,f,f,f,f,f,f,f,f,f,f,2018-11-19 14:08:35.042429,2018-11-19 14:08:35.042429
268,1,10,TURNO SABADO - DOMINGO,10,3,2,f,f,f,f,f,f,f,f,f,f,f,f,f,f,f,f,2018-11-19 14:08:35.061205,2018-11-19 14:08:35.061205
269,1,10,TURNO SABADO - DOMINGO,10,3,3,f,f,f,f,f,f,f,f,f,f,f,f,f,f,f,f,2018-11-19 14:08:35.081543,2018-11-19 14:08:35.081543
270,1,10,TURNO SABADO - DOMINGO,10,3,4,f,f,f,f,f,f,f,f,f,f,f,f,f,f,f,f,2018-11-19 14:08:35.110953,2018-11-19 14:08:35.110953
271,1,10,TURNO SABADO - DOMINGO,10,3,5,f,f,f,f,f,f,f,f,f,f,f,f,f,f,f,f,2018-11-19 14:08:35.140973,2018-11-19 14:08:35.140973
272,1,10,TURNO SABADO - DOMINGO,10,3,6,f,f,t,t,t,t,t,t,t,t,t,t,f,f,f,f,2018-11-19 14:08:35.156822,2018-11-19 14:08:35.156822
273,1,10,TURNO SABADO - DOMINGO,10,3,7,f,f,t,t,t,t,t,t,t,t,t,t,f,f,f,f,2018-11-19 14:08:35.180209,2018-11-19 14:08:35.180209
274,1,10,TURNO SABADO - DOMINGO,10,4,1,f,f,f,f,f,f,f,f,f,f,f,f,f,f,f,f,2018-11-19 14:08:35.208163,2018-11-19 14:08:35.208163
275,1,10,TURNO SABADO - DOMINGO,10,4,2,f,f,f,f,f,f,f,f,f,f,f,f,f,f,f,f,2018-11-19 14:08:35.245532,2018-11-19 14:08:35.245532
276,1,10,TURNO SABADO - DOMINGO,10,4,3,f,f,f,f,f,f,f,f,f,f,f,f,f,f,f,f,2018-11-19 14:08:35.265416,2018-11-19 14:08:35.265416
277,1,10,TURNO SABADO - DOMINGO,10,4,4,f,f,f,f,f,f,f,f,f,f,f,f,f,f,f,f,2018-11-19 14:08:35.297521,2018-11-19 14:08:35.297521
278,1,10,TURNO SABADO - DOMINGO,10,4,5,f,f,f,f,f,f,f,f,f,f,f,f,f,f,f,f,2018-11-19 14:08:35.325115,2018-11-19 14:08:35.325115
279,1,10,TURNO SABADO - DOMINGO,10,4,6,f,f,t,t,t,t,t,t,t,t,t,t,f,f,f,f,2018-11-19 14:08:35.342729,2018-11-19 14:08:35.342729
280,1,10,TURNO SABADO - DOMINGO,10,4,7,f,f,t,t,t,t,t,t,t,t,t,t,f,f,f,f,2018-11-19 14:08:35.372046,2018-11-19 14:08:35.372046
281,1,11,TURNO 1 TARDE,10,1,1,f,f,f,f,f,f,t,t,t,t,t,t,f,f,f,f,2018-11-19 14:08:35.41189,2018-11-19 14:08:35.41189
282,1,11,TURNO 1 TARDE,10,1,2,f,f,f,f,f,f,t,t,t,t,t,t,f,f,f,f,2018-11-19 14:08:35.437047,2018-11-19 14:08:35.437047
283,1,11,TURNO 1 TARDE,10,1,3,f,f,f,f,f,f,t,t,t,t,t,t,f,f,f,f,2018-11-19 14:08:35.463054,2018-11-19 14:08:35.463054
284,1,11,TURNO 1 TARDE,10,1,4,f,f,f,f,f,f,t,t,t,t,t,t,f,f,f,f,2018-11-19 14:08:35.478016,2018-11-19 14:08:35.478016
285,1,11,TURNO 1 TARDE,10,1,5,f,f,f,f,f,f,t,t,t,t,t,t,f,f,f,f,2018-11-19 14:08:35.497231,2018-11-19 14:08:35.497231
286,1,11,TURNO 1 TARDE,10,1,6,f,f,f,f,f,f,t,t,t,t,t,t,f,f,f,f,2018-11-19 14:08:35.511939,2018-11-19 14:08:35.511939
287,1,11,TURNO 1 TARDE,10,1,7,f,f,f,f,f,f,f,f,f,f,f,f,f,f,f,f,2018-11-19 14:08:35.532256,2018-11-19 14:08:35.532256
288,1,11,TURNO 1 TARDE,10,2,1,f,f,f,f,f,f,t,t,t,t,t,t,f,f,f,f,2018-11-19 14:08:35.545665,2018-11-19 14:08:35.545665
289,1,11,TURNO 1 TARDE,10,2,2,f,f,f,f,f,f,t,t,t,t,t,t,f,f,f,f,2018-11-19 14:08:35.576382,2018-11-19 14:08:35.576382
290,1,11,TURNO 1 TARDE,10,2,3,f,f,f,f,f,f,t,t,t,t,t,t,f,f,f,f,2018-11-19 14:08:35.593651,2018-11-19 14:08:35.593651
291,1,11,TURNO 1 TARDE,10,2,4,f,f,f,f,f,f,t,t,t,t,t,t,f,f,f,f,2018-11-19 14:08:35.631379,2018-11-19 14:08:35.631379
292,1,11,TURNO 1 TARDE,10,2,5,f,f,f,f,f,f,t,t,t,t,t,t,f,f,f,f,2018-11-19 14:08:35.668766,2018-11-19 14:08:35.668766
293,1,11,TURNO 1 TARDE,10,2,6,f,f,f,f,f,f,t,t,t,t,t,t,f,f,f,f,2018-11-19 14:08:35.697418,2018-11-19 14:08:35.697418
294,1,11,TURNO 1 TARDE,10,2,7,f,f,f,f,f,f,f,f,f,f,f,f,f,f,f,f,2018-11-19 14:08:35.725272,2018-11-19 14:08:35.725272
295,1,11,TURNO 1 TARDE,10,3,1,f,f,f,f,f,f,t,t,t,t,t,t,f,f,f,f,2018-11-19 14:08:35.755042,2018-11-19 14:08:35.755042
296,1,11,TURNO 1 TARDE,10,3,2,f,f,f,f,f,f,t,t,t,t,t,t,f,f,f,f,2018-11-19 14:08:35.776394,2018-11-19 14:08:35.776394
297,1,11,TURNO 1 TARDE,10,3,3,f,f,f,f,f,f,t,t,t,t,t,t,f,f,f,f,2018-11-19 14:08:35.800772,2018-11-19 14:08:35.800772
298,1,11,TURNO 1 TARDE,10,3,4,f,f,f,f,f,f,t,t,t,t,t,t,f,f,f,f,2018-11-19 14:08:35.82746,2018-11-19 14:08:35.82746
299,1,11,TURNO 1 TARDE,10,3,5,f,f,f,f,f,f,t,t,t,t,t,t,f,f,f,f,2018-11-19 14:08:35.843148,2018-11-19 14:08:35.843148
300,1,11,TURNO 1 TARDE,10,3,6,f,f,f,f,f,f,t,t,t,t,t,t,f,f,f,f,2018-11-19 14:08:35.86157,2018-11-19 14:08:35.86157
301,1,11,TURNO 1 TARDE,10,3,7,f,f,f,f,f,f,f,f,f,f,f,f,f,f,f,f,2018-11-19 14:08:35.891003,2018-11-19 14:08:35.891003
302,1,11,TURNO 1 TARDE,10,4,1,f,f,f,f,f,f,t,t,t,t,t,t,f,f,f,f,2018-11-19 14:08:35.910953,2018-11-19 14:08:35.910953
303,1,11,TURNO 1 TARDE,10,4,2,f,f,f,f,f,f,t,t,t,t,t,t,f,f,f,f,2018-11-19 14:08:35.926889,2018-11-19 14:08:35.926889
304,1,11,TURNO 1 TARDE,10,4,3,f,f,f,f,f,f,t,t,t,t,t,t,f,f,f,f,2018-11-19 14:08:35.954647,2018-11-19 14:08:35.954647
305,1,11,TURNO 1 TARDE,10,4,4,f,f,f,f,f,f,t,t,t,t,t,t,f,f,f,f,2018-11-19 14:08:35.992392,2018-11-19 14:08:35.992392
306,1,11,TURNO 1 TARDE,10,4,5,f,f,f,f,f,f,t,t,t,t,t,t,f,f,f,f,2018-11-19 14:08:36.03065,2018-11-19 14:08:36.03065
307,1,11,TURNO 1 TARDE,10,4,6,f,f,f,f,f,f,t,t,t,t,t,t,f,f,f,f,2018-11-19 14:08:36.057263,2018-11-19 14:08:36.057263
308,1,11,TURNO 1 TARDE,10,4,7,f,f,f,f,f,f,f,f,f,f,f,f,f,f,f,f,2018-11-19 14:08:36.090286,2018-11-19 14:08:36.090286
309,1,12,TURNO 2 TARDE,10,1,1,f,f,f,f,f,f,t,t,t,t,t,t,f,f,f,f,2018-11-19 14:08:36.121592,2018-11-19 14:08:36.121592
310,1,12,TURNO 2 TARDE,10,1,2,f,f,f,f,f,f,t,t,t,t,t,t,f,f,f,f,2018-11-19 14:08:36.162092,2018-11-19 14:08:36.162092
311,1,12,TURNO 2 TARDE,10,1,3,f,f,f,f,f,f,t,t,t,t,t,t,f,f,f,f,2018-11-19 14:08:36.177417,2018-11-19 14:08:36.177417
312,1,12,TURNO 2 TARDE,10,1,4,f,f,f,f,f,f,t,t,t,t,t,t,f,f,f,f,2018-11-19 14:08:36.227428,2018-11-19 14:08:36.227428
313,1,12,TURNO 2 TARDE,10,1,5,f,f,f,f,f,f,t,t,t,t,t,t,f,f,f,f,2018-11-19 14:08:36.263525,2018-11-19 14:08:36.263525
314,1,12,TURNO 2 TARDE,10,1,6,f,f,f,f,f,f,f,f,f,f,f,f,f,f,f,f,2018-11-19 14:08:36.296565,2018-11-19 14:08:36.296565
315,1,12,TURNO 2 TARDE,10,1,7,f,f,f,f,f,f,t,t,t,t,t,t,f,f,f,f,2018-11-19 14:08:36.32912,2018-11-19 14:08:36.32912
316,1,12,TURNO 2 TARDE,10,2,1,f,f,f,f,f,f,t,t,t,t,t,t,f,f,f,f,2018-11-19 14:08:36.353374,2018-11-19 14:08:36.353374
317,1,12,TURNO 2 TARDE,10,2,2,f,f,f,f,f,f,t,t,t,t,t,t,f,f,f,f,2018-11-19 14:08:36.36492,2018-11-19 14:08:36.36492
318,1,12,TURNO 2 TARDE,10,2,3,f,f,f,f,f,f,t,t,t,t,t,t,f,f,f,f,2018-11-19 14:08:36.392521,2018-11-19 14:08:36.392521
319,1,12,TURNO 2 TARDE,10,2,4,f,f,f,f,f,f,t,t,t,t,t,t,f,f,f,f,2018-11-19 14:08:36.425619,2018-11-19 14:08:36.425619
320,1,12,TURNO 2 TARDE,10,2,5,f,f,f,f,f,f,t,t,t,t,t,t,f,f,f,f,2018-11-19 14:08:36.459544,2018-11-19 14:08:36.459544
321,1,12,TURNO 2 TARDE,10,2,6,f,f,f,f,f,f,f,f,f,f,f,f,f,f,f,f,2018-11-19 14:08:36.491629,2018-11-19 14:08:36.491629
322,1,12,TURNO 2 TARDE,10,2,7,f,f,f,f,f,f,t,t,t,t,t,t,f,f,f,f,2018-11-19 14:08:36.531293,2018-11-19 14:08:36.531293
323,1,12,TURNO 2 TARDE,10,3,1,f,f,f,f,f,f,t,t,t,t,t,t,f,f,f,f,2018-11-19 14:08:36.558461,2018-11-19 14:08:36.558461
324,1,12,TURNO 2 TARDE,10,3,2,f,f,f,f,f,f,t,t,t,t,t,t,f,f,f,f,2018-11-19 14:08:36.602019,2018-11-19 14:08:36.602019
325,1,12,TURNO 2 TARDE,10,3,3,f,f,f,f,f,f,t,t,t,t,t,t,f,f,f,f,2018-11-19 14:08:36.627372,2018-11-19 14:08:36.627372
326,1,12,TURNO 2 TARDE,10,3,4,f,f,f,f,f,f,t,t,t,t,t,t,f,f,f,f,2018-11-19 14:08:36.65943,2018-11-19 14:08:36.65943
327,1,12,TURNO 2 TARDE,10,3,5,f,f,f,f,f,f,t,t,t,t,t,t,f,f,f,f,2018-11-19 14:08:36.680592,2018-11-19 14:08:36.680592
328,1,12,TURNO 2 TARDE,10,3,6,f,f,f,f,f,f,f,f,f,f,f,f,f,f,f,f,2018-11-19 14:08:36.732089,2018-11-19 14:08:36.732089
329,1,12,TURNO 2 TARDE,10,3,7,f,f,f,f,f,f,t,t,t,t,t,t,f,f,f,f,2018-11-19 14:08:36.769416,2018-11-19 14:08:36.769416
330,1,12,TURNO 2 TARDE,10,4,1,f,f,f,f,f,f,t,t,t,t,t,t,f,f,f,f,2018-11-19 14:08:36.79461,2018-11-19 14:08:36.79461
331,1,12,TURNO 2 TARDE,10,4,2,f,f,f,f,f,f,t,t,t,t,t,t,f,f,f,f,2018-11-19 14:08:36.814674,2018-11-19 14:08:36.814674
332,1,12,TURNO 2 TARDE,10,4,3,f,f,f,f,f,f,t,t,t,t,t,t,f,f,f,f,2018-11-19 14:08:36.845476,2018-11-19 14:08:36.845476
333,1,12,TURNO 2 TARDE,10,4,4,f,f,f,f,f,f,t,t,t,t,t,t,f,f,f,f,2018-11-19 14:08:36.864285,2018-11-19 14:08:36.864285
334,1,12,TURNO 2 TARDE,10,4,5,f,f,f,f,f,f,t,t,t,t,t,t,f,f,f,f,2018-11-19 14:08:36.892657,2018-11-19 14:08:36.892657
335,1,12,TURNO 2 TARDE,10,4,6,f,f,f,f,f,f,f,f,f,f,f,f,f,f,f,f,2018-11-19 14:08:36.915322,2018-11-19 14:08:36.915322
336,1,12,TURNO 2 TARDE,10,4,7,f,f,f,f,f,f,t,t,t,t,t,t,f,f,f,f,2018-11-19 14:08:36.941743,2018-11-19 14:08:36.941743
